corner,vdd,temp,vcont,s0,s1,freq,current
ss,1.8,27.0,1.1,0,0,85000000.0,0.0001100688609709357266068348291
tt,1.8,27.0,1.1,0,0,112500000,0.0001471938213895902602434939127
ss,1.8,27.0,1.1,0,0,85000000.0,0.0001088860471838429039274018150
ss,1.8,27.0,1.5,0,0,107500000,0.0001322044408518037049073773156
fs,1.8,27.0,1.1,0,0,102500000,0.0001456503179906502337441563961
ss,1.8,27.0,1.5,0,0,107500000,0.0001306532032188945276368090798
tt,1.8,27.0,1.1,0,0,112500000,0.0001429698670759231019224519387
sf,1.8,27.0,1.5,0,0,127500000,0.0001380312685189620259493512662
sf,1.8,27.0,1.1,0,0,110000000,0.0001257946595241118972025699358
sf,1.8,27.0,1.5,0,0,127500000,0.0001399544270133296667583310417
fs,1.8,27.0,1.1,0,0,102500000,0.0001437733631872203194920126997
sf,1.8,27.0,1.1,0,0,110000000,0.0001287955580551736206594835129
tt,1.8,27.0,1.5,0,0,137500000,0.0001703291667392565185870353241
tt,1.8,27.0,1.5,0,0,137500000,0.0001707399875150121246968825779
fs,1.8,27.0,1.5,0,0,140000000,0.0001878166113925151871203219920
fs,1.8,27.0,1.5,0,0,140000000,0.0001887428249538261543461413465
ff,1.8,27.0,1.1,0,0,140000000,0.0001770682730998475038124046899
ff,1.8,27.0,1.5,0,0,170000000,0.0002126775508226544336391590210
ff,1.8,27.0,1.1,0,0,140000000,0.0001795780032414689632759181020
ff,1.8,27.0,1.5,0,0,167500000,0.0002054460300976225594360140996
ss,1.8,27.0,1.1,0,1,122500000,0.0001198523241227569310767230819
ss,1.8,27.0,1.1,0,1,120000000,0.0001190786155334916627084322892
ss,1.8,27.0,1.5,0,1,145000000,0.0001397277616261093472663183420
ss,1.8,27.0,1.5,0,1,145000000,0.0001387749667049073773155671108
tt,1.8,27.0,1.1,0,1,170000000,0.0001594831590264993375165620859
sf,1.8,27.0,1.5,0,1,182500000,0.0001533013977375815604609884753
sf,1.8,27.0,1.5,0,1,185000000,0.0001610636337982800429989250269
fs,1.8,27.0,1.1,0,1,147500000,0.0001627645476002849928751781205
sf,1.8,27.0,1.1,0,1,165000000,0.0001416954653449163770905727357
fs,1.8,27.0,1.1,0,1,147500000,0.0001618109796850328741781455464
fs,1.8,27.0,1.5,0,1,192500000,0.0002085088722375690607734806630
tt,1.8,27.0,1.5,0,1,202500000,0.0001838123494716632084197895053
tt,1.8,27.0,1.1,0,1,172500000,0.0001605925695948851278718032049
tt,1.8,27.0,1.5,0,1,202500000,0.0001856612693099922501937451564
fs,1.8,27.0,1.5,0,1,187500000,0.0002057453370810479738006549836
ff,1.8,27.0,1.1,0,1,217500000,0.0002076380854787630309242268943
ff,1.8,27.0,1.5,0,1,255000000,0.0002423941857045823854403639909
ff,1.8,27.0,1.1,0,1,220000000,0.0002092217702506187345316367091
ff,1.8,27.0,1.5,0,1,257500000,0.0002386767152997425064373390665
ss,1.8,27.0,1.1,1,0,85000000.0,0.0001115516380526911827204319892
ss,1.8,27.0,1.1,1,0,90000000.0,0.0001132059552266443338916527087
ss,1.8,27.0,1.5,1,0,107500000,0.0001266769934124396890077748056
ss,1.8,27.0,1.5,1,0,105000000,0.0001322694696671333216669583260
fs,1.8,27.0,1.1,1,0,100000000,0.0001488027650077248068798280043
tt,1.8,27.0,1.1,1,0,125000000,0.0001486182517116572085697857554
sf,1.8,27.0,1.1,1,0,127500000,0.0001301423334645883852903677408
fs,1.8,27.0,1.5,1,0,130000000,0.0001886202371174220644483887903
sf,1.8,27.0,1.5,1,0,145000000,0.0001475783582268193295167620809
fs,1.8,27.0,1.1,1,0,102500000,0.0001479988919871253218669533262
sf,1.8,27.0,1.5,1,0,142500000,0.0001458738054387890302742431439
tt,1.8,27.0,1.5,1,0,150000000,0.0001699679613813404664883377916
tt,1.8,27.0,1.1,1,0,122500000,0.0001495336269273268168295792605
tt,1.8,27.0,1.5,1,0,147500000,0.0001695812741692207694807629809
fs,1.8,27.0,1.5,1,0,102500000,0.0001766421633471413214669633259
ff,1.8,27.0,1.1,1,0,160000000,0.0001875016288757531061723456914
ff,1.8,27.0,1.5,1,0,192500000,0.0002162598261439214019649508762
ff,1.8,27.0,1.1,1,0,160000000,0.0001893084363153171170720731982
ff,1.8,27.0,1.5,1,0,192500000,0.0002158558895878103047423814405
ss,1.8,27.0,1.1,1,1,135000000,0.0001274821219349016274593135172
ss,1.8,27.0,1.1,1,1,137500000,0.0001265292308621534461638459039
fs,1.8,27.0,1.1,1,1,152500000,0.0001657945225420114497137571561
ss,1.8,27.0,1.5,1,1,157500000,0.0001468752346079848003799905002
ss,1.8,27.0,1.5,1,1,145000000,0.0001424497132066698332541686458
fs,1.8,27.0,1.1,1,1,142500000,0.0001671873001703207419814504637
tt,1.8,27.0,1.1,1,1,225000000,0.0001786629985238119047023824404
sf,1.8,27.0,1.1,1,1,235000000,0.0001659714056696832579185520362
fs,1.8,27.0,1.5,1,1,192500000,0.0002097930018057798555036124097
sf,1.8,27.0,1.5,1,1,257500000,0.0001759102408125296867578310542
sf,1.8,27.0,1.5,1,1,250000000,0.0001739996661987950301242468938
tt,1.8,27.0,1.1,1,1,222500000,0.0001786674850489487762805929852
tt,1.8,27.0,1.5,1,1,257500000,0.0002039477180552736181595460113
sf,1.8,27.0,1.1,0,1,162500000,0.0001460126881910702232444188895
fs,1.8,27.0,1.5,1,1,182500000,0.0002128374577095322616934576636
tt,1.8,27.0,1.5,1,1,267500000,0.0002049028073537911552211194720
ff,1.8,27.0,1.1,1,1,307500000,0.0002364260992272943176420589485
ff,1.8,27.0,1.5,1,1,360000000,0.0002756373603403414914627134322
ff,1.8,27.0,1.1,1,1,315000000,0.0002374153036013099672508187295
ff,1.8,27.0,1.5,1,1,355000000,0.0002714022891924201894952626184
ss,1.8,27.0,1.2,0,0,95000000.0,0.0001188866479313467163320916977
ss,1.8,27.0,1.2,0,0,95000000.0,0.0001181752243460638484037899053
ss,1.8,27.0,1.6,0,0,107500000,0.0001342181285111622209444763881
ss,1.8,27.0,1.6,0,0,110000000,0.0001335699996388840278993025174
fs,1.8,27.0,1.2,0,0,120000000,0.0001615357096392090197745056374
fs,1.8,27.0,1.2,0,0,120000000,0.0001644055741606459838504037399
tt,1.8,27.0,1.2,0,0,122500000,0.0001544466015869853253668658284
sf,1.8,27.0,1.6,0,0,127500000,0.0001413930783830154246143846404
sf,1.8,27.0,1.6,0,0,127500000,0.0001423543743095672608184795380
sf,1.8,27.0,1.2,0,0,117500000,0.0001324167589818754531136721582
fs,1.8,27.0,1.6,0,0,145000000,0.0001968511532115197120071998200
sf,1.8,27.0,1.1,1,0,127500000,0.0001362678640497487562810929727
tt,1.8,27.0,1.2,0,0,122500000,0.0001550229924395390115247118822
fs,1.8,27.0,1.6,0,0,145000000,0.0001916660110751231219219519512
tt,1.8,27.0,1.6,0,0,140000000,0.0001648816818587785305367365816
tt,1.8,27.0,1.6,0,0,140000000,0.0001713470544229644258893527662
ff,1.8,27.0,1.2,0,0,152500000,0.0001909633696943576410589735257
ff,1.8,27.0,1.6,0,0,170000000,0.0002052433011256718582035449114
ff,1.8,27.0,1.2,0,0,152500000,0.0001911241825465363365915852104
ff,1.8,27.0,1.6,0,0,170000000,0.0002087933303841653958651033724
ss,1.8,27.0,1.2,0,1,130000000,0.0001269438604285642858928526787
ss,1.8,27.0,1.2,0,1,130000000,0.0001267793108048298792530186745
ss,1.8,27.0,1.6,0,1,142500000,0.0001432807194271393215169620759
ss,1.8,27.0,1.6,0,1,152500000,0.0001434663808804779880502987425
fs,1.8,27.0,1.2,0,1,172500000,0.0001814103531460713482162945926
fs,1.8,27.0,1.2,0,1,167500000,0.0001794122768517787055323616910
tt,1.8,27.0,1.2,0,1,185000000,0.0001736064249279518012049698758
sf,1.8,27.0,1.6,0,1,190000000,0.0001617726075943101422464438389
sf,1.8,27.0,1.6,0,1,187500000,0.0001576419136704332391690207745
sf,1.8,27.0,1.2,0,1,172500000,0.0001468091380884477888052798680
fs,1.8,27.0,1.6,0,1,180000000,0.0002105757860342991425214369641
tt,1.8,27.0,1.2,0,1,182500000,0.0001718423336008099797505062373
fs,1.8,27.0,1.6,0,1,170000000,0.0001998256975394115147121321967
sf,1.8,27.0,1.1,1,1,237500000,0.0001613071163177920551986200345
tt,1.8,27.0,1.6,0,1,202500000,0.0001846154359067273318167045824
tt,1.8,27.0,1.6,0,1,210000000,0.0001917833366494837629059273518
ff,1.8,27.0,1.2,0,1,235000000,0.0002200643821203969900752481188
ff,1.8,27.0,1.6,0,1,260000000,0.0002384106788001799955001124972
ff,1.8,27.0,1.2,0,1,235000000,0.0002173110180858228544286392840
ff,1.8,27.0,1.6,0,1,260000000,0.0002386340227627559311017224569
ss,1.8,27.0,1.2,1,0,97500000.0,0.0001170581291443263918402039949
ss,1.8,27.0,1.2,1,0,97500000.0,0.0001232690630873728156796080098
ss,1.8,27.0,1.6,1,0,107500000,0.0001316529198108547286317842054
ss,1.8,27.0,1.6,1,0,110000000,0.0001344405149050523736906577336
fs,1.8,27.0,1.2,1,0,107500000,0.0001655014158264293392665183370
fs,1.8,27.0,1.2,1,0,112500000,0.0001686838988343041423964400890
tt,1.8,27.0,1.2,1,0,135000000,0.0001635420980535236619084522887
sf,1.8,27.0,1.6,1,0,145000000,0.0001446917584772630684232894178
sf,1.8,27.0,1.6,1,0,145000000,0.0001429962617191070223244418890
fs,1.8,27.0,1.6,1,0,130000000,0.0001910125103154671133221669458
sf,1.8,27.0,1.2,1,0,135000000,0.0001383419747606559836004099898
tt,1.8,27.0,1.2,1,0,132500000,0.0001632871213845903852403689908
fs,1.8,27.0,1.6,1,0,125000000,0.0001889994334859878503037424064
tt,1.8,27.0,1.6,1,0,155000000,0.0001725461231585460363490912727
sf,1.8,27.0,1.2,0,0,117500000,0.0001326391592170195745106372341
tt,1.8,27.0,1.6,1,0,150000000,0.0001738929333616409589760255994
ff,1.8,27.0,1.2,1,0,175000000,0.0002016428129497012574685632859
ff,1.8,27.0,1.6,1,0,195000000,0.0002179979081101472463188420289
ff,1.8,27.0,1.2,1,0,175000000,0.0001999760002305442363940901477
ss,1.8,27.0,1.2,1,1,145000000,0.0001324479025234869128271793205
ss,1.8,27.0,1.2,1,1,157500000,0.0001392366678486787830304242394
ff,1.8,27.0,1.6,1,0,192500000,0.0002171911537805304867378315542
ss,1.8,27.0,1.6,1,1,172500000,0.0001513474701667208319792005200
ss,1.8,27.0,1.6,1,1,167500000,0.0001494061754368140796480087998
fs,1.8,27.0,1.2,1,1,172500000,0.0001770798519669758256043598910
tt,1.8,27.0,1.2,1,1,242500000,0.0001876462695027624309392265193
fs,1.8,27.0,1.2,1,1,160000000,0.0001872451678311792205194870128
sf,1.8,27.0,1.6,1,1,257500000,0.0001791935253025174370640733982
sf,1.8,27.0,1.6,1,1,260000000,0.0001799951262928176795580110497
sf,1.8,27.0,1.2,1,1,235000000,0.0001669396821126971825704357391
fs,1.8,27.0,1.6,1,1,202500000,0.0002236935382241443963900902477
fs,1.8,27.0,1.6,1,1,180000000,0.0002106784593129421764455888603
tt,1.8,27.0,1.2,1,1,237500000,0.0001923762839925751856203594910
sf,1.8,27.0,1.2,0,1,172500000,0.0001498810690893727656808579786
tt,1.8,27.0,1.6,1,1,262500000,0.0002080549290265743356416089598
tt,1.8,27.0,1.6,1,1,257500000,0.0002026778967725306867328316792
ss,1.8,27.0,1.3,0,0,100000000,0.0001250762951937901552461188470
ss,1.8,27.0,1.3,0,0,100000000,0.0001269862040132996675083122922
ff,1.8,27.0,1.2,1,1,330000000,0.0002541873681053473663158421039
ff,1.8,27.0,1.6,1,1,367500000,0.0002740878934346391340216494588
ff,1.8,27.0,1.2,1,1,337500000,0.0002542449263855403614909627259
ss,1.8,27.0,1.7,0,0,110000000,0.0001353851261299217519562010950
ss,1.8,27.0,1.7,0,0,110000000,0.0001364401596093347666308342291
ff,1.8,27.0,1.6,1,1,355000000,0.0002712524318241793955151121222
fs,1.8,27.0,1.3,0,0,130000000,0.0001664944686619834504137396565
fs,1.8,27.0,1.3,0,0,130000000,0.0001737915434209144771380715482
tt,1.8,27.0,1.3,0,0,130000000,0.0001617135145456113597160070998
sf,1.8,27.0,1.7,0,0,127500000,0.0001399300512374190645233869153
sf,1.8,27.0,1.7,0,0,127500000,0.0001426700930283492912677183070
sf,1.8,27.0,1.3,0,0,120000000,0.0001342787763373915652108697283
sf,1.8,27.0,1.2,1,0,137500000,0.0001369980228242793930151746206
fs,1.8,27.0,1.7,0,0,147500000,0.0001990073213278418039549011275
fs,1.8,27.0,1.7,0,0,147500000,0.0001970414919059273518162045949
tt,1.8,27.0,1.3,0,0,130000000,0.0001563184577286567835804104897
tt,1.8,27.0,1.7,0,0,140000000,0.0001793908687615309617259568511
tt,1.8,27.0,1.7,0,0,142500000,0.0001723952457539811504712382190
ss,1.8,27.0,1.3,0,1,140000000,0.0001342454356140596485087872803
ss,1.8,27.0,1.3,0,1,137500000,0.0001332955778753031174220644484
ss,1.8,27.0,1.7,0,1,152500000,0.0001492081554204144896377590560
ff,1.8,27.0,1.3,0,0,160000000,0.0001940888926234594135146621334
ff,1.8,27.0,1.7,0,0,172500000,0.0002086896248008799780005499863
ss,1.8,27.0,1.7,0,1,145000000,0.0001402262086865578360540986475
ff,1.8,27.0,1.3,0,0,160000000,0.0001968263728641033974150646234
ff,1.8,27.0,1.7,0,0,172500000,0.0002119947420510237244068898278
fs,1.8,27.0,1.3,0,1,185000000,0.0001928851665109622259443513912
fs,1.8,27.0,1.3,0,1,182500000,0.0001981395257713057173570660733
tt,1.8,27.0,1.3,0,1,195000000,0.0001784535142088697782555436114
sf,1.8,27.0,1.7,0,1,185000000,0.0001590762711758706032349191270
sf,1.8,27.0,1.3,0,1,180000000,0.0001514972487859053523661908452
sf,1.8,27.0,1.7,0,1,185000000,0.0001577340461979200519987000325
sf,1.8,27.0,1.2,1,1,240000000,0.0001693043532935176620584485388
fs,1.8,27.0,1.7,0,1,197500000,0.0002146392648941026474338141546
fs,1.8,27.0,1.7,0,1,195000000,0.0002122875836599335016624584385
tt,1.8,27.0,1.3,0,1,192500000,0.0001793906122819679508012299693
tt,1.8,27.0,1.7,0,1,205000000,0.0001988033118194295142621434464
tt,1.8,27.0,1.7,0,1,205000000,0.0001892873542816429589260268493
ss,1.8,27.0,1.3,1,0,100000000,0.0001204711986556311092222694433
ss,1.8,27.0,1.3,1,0,100000000,0.0001267441452998675033124171896
ss,1.8,27.0,1.7,1,0,110000000,0.0001344849627010824729381765456
ss,1.8,27.0,1.7,1,0,107500000,0.0001352419127267318317042073948
ff,1.8,27.0,1.3,0,1,247500000,0.0002301023106628334291642708932
ff,1.8,27.0,1.7,0,1,262500000,0.0002380252412552186195345116372
ff,1.8,27.0,1.3,0,1,245000000,0.0002277638538858778530536736582
ff,1.8,27.0,1.7,0,1,262500000,0.0002341528034438139046523836904
fs,1.8,27.0,1.3,1,0,112500000,0.0001691086718215544611384715382
fs,1.8,27.0,1.3,1,0,120000000,0.0001759689511979950501237469063
tt,1.8,27.0,1.3,1,0,142500000,0.0001655814545850353741156471088
sf,1.8,27.0,1.7,1,0,150000000,0.0001479660698470038249043773906
sf,1.8,27.0,1.7,1,0,147500000,0.0001531927043014924626884327892
sf,1.8,27.0,1.3,1,0,137500000,0.0001440973438310792230194245144
sf,1.8,27.0,1.3,0,0,120000000,0.0001315917596132596685082872928
fs,1.8,27.0,1.7,1,0,140000000,0.0001995514461309217269568260793
fs,1.8,27.0,1.7,1,0,135000000,0.0001967957062927926801829954251
tt,1.8,27.0,1.3,1,0,145000000,0.0001612886008667033324166895828
tt,1.8,27.0,1.7,1,0,155000000,0.0001765883569756506087347816305
tt,1.8,27.0,1.7,1,0,155000000,0.0001740726642829179270518237044
ss,1.8,27.0,1.3,1,1,155000000,0.0001388542733800404989875253119
ss,1.8,27.0,1.3,1,1,155000000,0.0001361205820092497687557811055
ss,1.8,27.0,1.7,1,1,167500000,0.0001531331274866628334291642709
ss,1.8,27.0,1.7,1,1,167500000,0.0001503611285316867078323041924
ff,1.8,27.0,1.3,1,0,180000000,0.0002078471805299867503312417190
ff,1.8,27.0,1.7,1,0,195000000,0.0002234285122261443463913402165
ff,1.8,27.0,1.7,1,0,195000000,0.0002235213612114897127571810705
fs,1.8,27.0,1.3,1,1,152500000,0.0001904750633226169345766355841
ff,1.8,27.0,1.3,1,0,182500000,0.0002044315325880102997425064373
fs,1.8,27.0,1.3,1,1,165000000,0.0001924642061960450988725281868
tt,1.8,27.0,1.3,1,1,242500000,0.0001984109343748406289842753931
sf,1.8,27.0,1.3,0,1,180000000,0.0001537754399855003624909377266
sf,1.8,27.0,1.3,1,1,247500000,0.0001685322975164620884477888053
sf,1.8,27.0,1.7,1,1,262500000,0.0001786582832745181370465738357
fs,1.8,27.0,1.7,1,1,175000000,0.0002083812941813204669883252919
sf,1.8,27.0,1.7,1,1,262500000,0.0001776965499487512812179695508
fs,1.8,27.0,1.7,1,1,195000000,0.0002164512295420864478388040299
tt,1.8,27.0,1.3,1,1,255000000,0.0001987929122905177370565735857
tt,1.8,27.0,1.7,1,1,267500000,0.0002110222211454213644658883528
tt,1.8,27.0,1.7,1,1,270000000,0.0002090254499139771505712357191
ss,1.8,27.0,1.4,0,0,105000000,0.0001286294842288942776430589235
ss,1.8,27.0,1.4,0,0,105000000,0.0001276856424853128671783205420
ss,1.8,27.0,1.8,0,0,112500000,0.0001363474801076473088172795680
ss,1.8,27.0,1.8,0,0,112500000,0.0001355438731605459863503412415
fs,1.8,27.0,1.4,0,0,137500000,0.0001815336346675833104172395690
fs,1.8,27.0,1.4,0,0,135000000,0.0001799734132473688157796055099
tt,1.8,27.0,1.4,0,0,135000000,0.0001639872204778880527986800330
sf,1.8,27.0,1.4,0,0,125000000,0.0001441150293680157996050098748
sf,1.8,27.0,1.3,1,0,140000000,0.0001409615821505462363440913977
sf,1.8,27.0,1.8,0,0,130000000,0.0001452634804543136421589460263
ff,1.8,27.0,1.7,1,1,362500000,0.0002776267078899027524311892203
ff,1.8,27.0,1.7,1,1,357500000,0.0002802565962837679058023549411
ff,1.8,27.0,1.3,1,1,350000000,0.0002634599453770405739856503587
fs,1.8,27.0,1.8,0,0,150000000,0.0001951120858036049098772530687
sf,1.8,27.0,1.8,0,0,130000000,0.0001435467358715282117947051324
fs,1.8,27.0,1.8,0,0,150000000,0.0001978505565608859778505537362
ff,1.8,27.0,1.3,1,1,347500000,0.0002579576936208094797630059249
tt,1.8,27.0,1.4,0,0,135000000,0.0001677034217223319417014574636
tt,1.8,27.0,1.8,0,0,142500000,0.0001803900486394340141496462588
tt,1.8,27.0,1.8,0,0,142500000,0.0001733811802922676933076673083
ss,1.8,27.0,1.4,0,1,145000000,0.0001425785429078273043173920652
ss,1.8,27.0,1.4,0,1,142500000,0.0001391807474126146846328841779
ss,1.8,27.0,1.8,0,1,155000000,0.0001463619482051198720031999200
ss,1.8,27.0,1.8,0,1,152500000,0.0001499842295698857528561785955
fs,1.8,27.0,1.4,0,1,187500000,0.0002074104788597285067873303167
fs,1.8,27.0,1.4,0,1,187500000,0.0001958479807210569735756606085
sf,1.8,27.0,1.8,0,1,190000000,0.0001594136736434089147771305717
tt,1.8,27.0,1.4,0,1,200000000,0.0001882906495242618934526636834
sf,1.8,27.0,1.4,0,1,182500000,0.0001556497222227444313892152696
sf,1.8,27.0,1.3,1,1,257500000,0.0001742612627798305042373940651
ff,1.8,27.0,1.8,0,0,175000000,0.0002083840464206144846378840529
fs,1.8,27.0,1.8,0,1,205000000,0.0002168012999364515887102822429
sf,1.8,27.0,1.8,0,1,190000000,0.0001600865154550886227844303892
ff,1.8,27.0,1.8,0,0,175000000,0.0002116857430044998875028124297
fs,1.8,27.0,1.8,0,1,195000000,0.0002212415105118372040698982525
ff,1.8,27.0,1.4,0,0,165000000,0.0002035862897653558661033474163
ff,1.8,27.0,1.4,0,0,165000000,0.0002054110044940876478088047799
tt,1.8,27.0,1.4,0,1,200000000,0.0001866358118138546536336591585
tt,1.8,27.0,1.8,0,1,207500000,0.0001907273670279243018924526887
tt,1.8,27.0,1.8,0,1,212500000,0.0001896151048559286017849553761
ss,1.8,27.0,1.4,1,0,100000000,0.0001253557393515012124696882578
ss,1.8,27.0,1.4,1,0,100000000,0.0001272568911187870303242418940
ss,1.8,27.0,1.8,1,0,110000000,0.0001369780881879953001174970626
ss,1.8,27.0,1.8,1,0,110000000,0.0001372463535168620784480387990
fs,1.8,27.0,1.4,1,0,122500000,0.0001845758224679133021674458139
fs,1.8,27.0,1.4,1,0,130000000,0.0001833242458677783055423614410
tt,1.8,27.0,1.4,1,0,147500000,0.0001653808651836704082397940051
sf,1.8,27.0,1.4,1,0,140000000,0.0001381059637197820054498637534
sf,1.8,27.0,1.4,0,0,125000000,0.0001354927134226144346391340216
sf,1.8,27.0,1.8,1,0,145000000,0.0001511062062754931126721831954
fs,1.8,27.0,1.8,1,0,135000000,0.0001981827732869678258043548911
sf,1.8,27.0,1.8,1,0,147500000,0.0001488493756584585385365365866
fs,1.8,27.0,1.8,1,0,130000000,0.0001977713938745781355466113347
tt,1.8,27.0,1.4,1,0,145000000,0.0001700630433161670958226044349
ff,1.8,27.0,1.8,0,1,265000000,0.0002385806310376240593985150371
ff,1.8,27.0,1.8,0,1,265000000,0.0002405157178714032149196270093
tt,1.8,27.0,1.8,1,0,152500000,0.0001749954046955326116847078823
ff,1.8,27.0,1.4,0,1,252500000,0.0002293337621529211769705757356
tt,1.8,27.0,1.8,1,0,155000000,0.0001836091154766630834229144271
ff,1.8,27.0,1.4,0,1,257500000,0.0002387395475129121771955701107
ss,1.8,27.0,1.4,1,1,147500000,0.0001451838677366815829604259894
ss,1.8,27.0,1.4,1,1,162500000,0.0001422447632332441688957776056
ss,1.8,27.0,1.8,1,1,167500000,0.0001501715601208469788255293618
ss,1.8,27.0,1.8,1,1,170000000,0.0001504347103700407489812754681
fs,1.8,27.0,1.4,1,1,155000000,0.0001926323055792105197370065748
fs,1.8,27.0,1.4,1,1,170000000,0.0002001283386229344266393340166
sf,1.8,27.0,1.4,1,1,255000000,0.0001770885500872228194295142621
sf,1.8,27.0,1.4,0,1,182500000,0.0001548179506211844703882402940
tt,1.8,27.0,1.4,1,1,250000000,0.0002007153367146571335716607085
sf,1.8,27.0,1.8,1,1,262500000,0.0001807186233502412439689007775
fs,1.8,27.0,1.8,1,1,192500000,0.0002233625785462863428414289643
fs,1.8,27.0,1.8,1,1,210000000,0.0002180060785488862778430539237
sf,1.8,27.0,1.8,1,1,260000000,0.0001805573444550136246593835154
tt,1.8,27.0,1.4,1,1,252500000,0.0001974083603662408439789005275
ff,1.8,27.0,1.8,1,0,200000000,0.0002209673401347966300842478938
ss,1.8,27.0,1.5,0,0,107500000,0.0001325741643776155596110097248
ff,1.8,27.0,1.8,1,0,197500000,0.0002254514505297867553311167221
ff,1.8,27.0,1.4,1,0,187500000,0.0002112622052985175370615734607
tt,1.8,27.0,1.8,1,1,262500000,0.0002137676408892027699307517312
tt,1.8,27.0,1.8,1,1,267500000,0.0002102443445625109372265693358
ff,1.8,27.0,1.4,1,0,187500000,0.0002087504724836629084272893178
ss,1.8,27.0,1.5,0,0,107500000,0.0001268958864121146971325716857
sf,1.8,27.0,1.1,0,0,112500000,0.0001268629563188170295742606435
sf,1.8,27.0,1.1,0,0,110000000,0.0001263467685326366840828979276
fs,1.8,27.0,1.5,0,0,140000000,0.0001912382027309067273318167046
sf,1.8,27.0,1.5,0,0,127500000,0.0001396256470908977275568110797
fs,1.8,27.0,1.5,0,0,140000000,0.0001873889498603784905377365566
sf,1.8,27.0,1.4,1,0,142500000,0.0001461370628015799605009874753
fs,1.8,27.0,1.1,0,0,102500000,0.0001448339355423364415889602760
tt,1.8,27.0,1.5,0,0,137500000,0.0001673373913665158371040723982
fs,1.8,27.0,1.1,0,0,102500000,0.0001413151012681682957926051849
ff,1.8,27.0,1.1,0,0,140000000,0.0001797985715885102872428189295
ff,1.8,27.0,1.1,0,0,140000000,0.0001777905784114647133821654459
tt,1.8,27.0,1.5,0,0,137500000,0.0001701455526861328466788330292
ss,1.8,27.0,1.5,0,1,147500000,0.0001421697145822104447388815280
ss,1.8,27.0,1.1,0,0,85000000.0,0.0001100330607940751481212969676
ss,1.8,27.0,1.1,0,0,85000000.0,0.0001094124170564060898477538062
ss,1.8,27.0,1.5,0,1,147500000,0.0001413365257098072548186295343
ff,1.8,27.0,1.8,1,1,362500000,0.0002721968298405789855253618660
ff,1.8,27.0,1.8,1,1,367500000,0.0002738550705610109747256318592
ff,1.8,27.0,1.4,1,1,342500000,0.0002586166982679933001674958126
ff,1.8,27.0,1.4,1,1,345000000,0.0002656280509298517537061573461
sf,1.8,27.0,1.1,0,1,165000000,0.0001402987625498062548436289093
sf,1.8,27.0,1.1,0,1,165000000,0.0001418866145563110922226944326
fs,1.8,27.0,1.5,0,1,197500000,0.0002065658427476563085922851929
fs,1.8,27.0,1.1,0,1,150000000,0.0001628039657893802654933626659
fs,1.8,27.0,1.5,0,1,200000000,0.0002108600511251218719532011700
fs,1.8,27.0,1.1,0,1,150000000,0.0001629962717958801029974250644
tt,1.8,27.0,1.5,0,1,207500000,0.0001935522180771230719232019200
sf,1.8,27.0,1.4,1,1,250000000,0.0001747393900286742831429214270
ss,1.8,27.0,1.5,1,0,105000000,0.0001281885136802079948001299968
ss,1.8,27.0,1.1,0,1,120000000,0.0001171507883001124971875703107
tt,1.8,27.0,1.5,0,1,202500000,0.0001884991791287467813304667383
ff,1.8,27.0,1.1,0,1,217500000,0.0002069709690892227694307642309
ss,1.8,27.0,1.1,0,1,125000000,0.0001188385396184645383865403365
ff,1.8,27.0,1.1,0,1,217500000,0.0002076413729661508462288442789
ss,1.8,27.0,1.5,1,0,110000000,0.0001317522000693982650433739157
tt,1.8,27.0,1.1,0,0,112500000,0.0001455362533948151296217594560
tt,1.8,27.0,1.1,0,0,112500000,0.0001427635511865203369915752106
sf,1.8,27.0,1.1,1,0,127500000,0.0001342954499934751631209219770
ff,1.8,27.0,1.5,0,0,167500000,0.0002086780585156621084472888178
ff,1.8,27.0,1.5,0,0,167500000,0.0002042211159382015449613759656
sf,1.8,27.0,1.1,1,0,127500000,0.0001315033678272043198920026999
fs,1.8,27.0,1.5,1,0,130000000,0.0001898506874900627484312892178
fs,1.8,27.0,1.1,1,0,97500000.0,0.0001458986804980375490612734682
fs,1.8,27.0,1.1,1,0,95000000.0,0.0001460345904925876853078673033
fs,1.8,27.0,1.5,1,0,125000000,0.0001827411673630659233519162021
sf,1.8,27.0,1.5,0,0,127500000,0.0001400019213987400314992125197
tt,1.8,27.0,1.5,1,0,152500000,0.0001728929570901727456813579661
ss,1.8,27.0,1.1,1,0,87500000.0,0.0001142674217072623184420389490
ss,1.8,27.0,1.5,1,1,167500000,0.0001445331880237494062648433789
ss,1.8,27.0,1.1,1,0,90000000.0,0.0001111580076101822454438639034
tt,1.8,27.0,1.5,1,0,150000000,0.0001682426645494612634684132897
ss,1.8,27.0,1.5,1,1,150000000,0.0001402033992968175795605109872
ff,1.8,27.0,1.1,1,0,160000000,0.0001912922269520011999700007500
ff,1.8,27.0,1.1,1,0,160000000,0.0001850966602815429614259643509
tt,1.8,27.0,1.1,0,1,167500000,0.0001590468492566185845353866153
tt,1.8,27.0,1.1,0,1,170000000,0.0001619011392159196020099497513
sf,1.8,27.0,1.1,1,1,232500000,0.0001624196260857478563035924102
sf,1.8,27.0,1.1,1,1,237500000,0.0001638286011647958801029974251
ff,1.8,27.0,1.5,0,1,255000000,0.0002399184565832604184895377616
ff,1.8,27.0,1.5,0,1,257500000,0.0002354886568037299067523311917
fs,1.8,27.0,1.5,1,1,172500000,0.0002076901692322191945201369966
fs,1.8,27.0,1.1,1,1,147500000,0.0001675214025317617059573510662
fs,1.8,27.0,1.1,1,1,160000000,0.0001713976043556661083472913177
fs,1.8,27.0,1.5,1,1,180000000,0.0002039305339939501512462188445
sf,1.8,27.0,1.5,0,1,182500000,0.0001524734239149271268218294543
tt,1.8,27.0,1.5,1,1,240000000,0.0002035546323669408264793380165
ss,1.8,27.0,1.1,1,1,142500000,0.0001251836943282917927051823704
ss,1.8,27.0,1.6,0,0,110000000,0.0001308794976035349116272093198
ss,1.8,27.0,1.1,1,1,140000000,0.0001292178212810179745506362341
sf,1.8,27.0,1.5,0,1,185000000,0.0001555258765981850453738656534
ss,1.8,27.0,1.6,0,0,110000000,0.0001326518915725856853578660533
tt,1.8,27.0,1.5,1,1,255000000,0.0002034737202862178445538861528
tt,1.8,27.0,1.1,1,0,122500000,0.0001491323460145496362590935227
tt,1.8,27.0,1.1,1,0,122500000,0.0001490998167478063048423789405
ff,1.8,27.0,1.1,1,1,307500000,0.0002326553945002374940626484338
ff,1.8,27.0,1.1,1,1,310000000,0.0002363829538769530761730956726
sf,1.8,27.0,1.2,0,0,117500000,0.0001291930497266318342041448964
sf,1.8,27.0,1.2,0,0,117500000,0.0001284741987962050948726281843
ff,1.8,27.0,1.5,1,0,192500000,0.0002134261157215069623259418515
ff,1.8,27.0,1.5,1,0,192500000,0.0002143526102949176270593235169
fs,1.8,27.0,1.6,0,0,145000000,0.0001958721263811404714882127947
fs,1.8,27.0,1.2,0,0,120000000,0.0001632448672983175420614484638
fs,1.8,27.0,1.2,0,0,120000000,0.0001614336655367365815854603635
fs,1.8,27.0,1.6,0,0,145000000,0.0001987612015653108672283192920
ss,1.8,27.0,1.2,0,0,95000000.0,0.0001192020879831004224894377641
sf,1.8,27.0,1.5,1,0,145000000,0.0001437350242532186695332616685
tt,1.8,27.0,1.6,0,0,140000000,0.0001656605635928101797455063623
ss,1.8,27.0,1.6,0,1,145000000,0.0001453342938482537936551586210
ss,1.8,27.0,1.2,0,0,95000000.0,0.0001191913029833104172395690108
ss,1.8,27.0,1.6,0,1,152500000,0.0001424999889991500212494687633
sf,1.8,27.0,1.5,1,0,145000000,0.0001437495308049548761280967976
tt,1.8,27.0,1.6,0,0,140000000,0.0001754250596113347166320841979
tt,1.8,27.0,1.1,1,1,220000000,0.0001757474476637834054148646284
tt,1.8,27.0,1.1,1,1,235000000,0.0001802212718631034224144396390
ff,1.8,27.0,1.2,0,0,152500000,0.0001919377758361790955226119347
ff,1.8,27.0,1.2,0,0,152500000,0.0001901266763982400439989000275
sf,1.8,27.0,1.2,0,1,172500000,0.0001516579614167395815104622384
sf,1.8,27.0,1.2,0,1,172500000,0.0001469832666249193770155746106
ff,1.8,27.0,1.5,1,1,355000000,0.0002754831868969775755606109847
ff,1.8,27.0,1.5,1,1,355000000,0.0002775528012510937226569335767
fs,1.8,27.0,1.6,0,1,197500000,0.0002146615068748281292967675808
fs,1.8,27.0,1.2,0,1,167500000,0.0001815623553870403239919002025
ss,1.8,27.0,1.2,0,1,132500000,0.0001308961995053623659408514787
fs,1.8,27.0,1.2,0,1,172500000,0.0001813964742417189570260743481
fs,1.8,27.0,1.6,0,1,182500000,0.0002095565564491637709057273568
ss,1.8,27.0,1.6,1,0,105000000,0.0001335763992429939251518712032
ss,1.8,27.0,1.2,0,1,127500000,0.0001304358912507687307817304567
sf,1.8,27.0,1.5,1,1,262500000,0.0001769534461220719482012949676
tt,1.8,27.0,1.6,0,1,205000000,0.0001895684221854953626159346016
ss,1.8,27.0,1.6,1,0,112500000,0.0001306128994969375765605859854
sf,1.8,27.0,1.5,1,1,255000000,0.0001733589869827504312392190195
tt,1.8,27.0,1.6,0,1,205000000,0.0001876027326430089247768805780
tt,1.8,27.0,1.2,0,0,125000000,0.0001543151547360565985850353741
tt,1.8,27.0,1.2,0,0,125000000,0.0001541549666980825479363015925
sf,1.8,27.0,1.2,1,0,135000000,0.0001377325786540586485337866553
sf,1.8,27.0,1.2,1,0,135000000,0.0001352446446955576110597235069
ff,1.8,27.0,1.2,0,1,235000000,0.0002142145987389315267118322042
ff,1.8,27.0,1.2,0,1,235000000,0.0002214731403235169120771980700
ff,1.8,27.0,1.6,0,0,170000000,0.0002118798290141496462588435289
ff,1.8,27.0,1.6,0,0,170000000,0.0002138993880208494787630309242
fs,1.8,27.0,1.6,1,0,135000000,0.0001964221926881077973050673733
ss,1.8,27.0,1.2,1,0,97500000.0,0.0001161456854941326466838329042
fs,1.8,27.0,1.2,1,0,112500000,0.0001624233136105597360065998350
fs,1.8,27.0,1.2,1,0,112500000,0.0001664908047572560685982850429
ss,1.8,27.0,1.2,1,0,92500000.0,0.0001196669901446413839654008650
ss,1.8,27.0,1.6,1,1,160000000,0.0001498487147421564460888477788
fs,1.8,27.0,1.6,1,0,132500000,0.0001905057406399090022749431264
sf,1.8,27.0,1.6,0,0,127500000,0.0001395508964548886277843053924
tt,1.8,27.0,1.6,1,0,155000000,0.0001723001959705757356066098348
ss,1.8,27.0,1.6,1,1,162500000,0.0001502876817898802529936751581
tt,1.8,27.0,1.6,1,0,150000000,0.0001749440630779230519237019075
sf,1.8,27.0,1.6,0,0,127500000,0.0001428172535398615034624134397
tt,1.8,27.0,1.2,0,1,182500000,0.0001727553918046048848778780530
tt,1.8,27.0,1.2,0,1,182500000,0.0001711804067314317142071448214
sf,1.8,27.0,1.2,1,1,247500000,0.0001766482127484062898427539312
sf,1.8,27.0,1.2,1,1,247500000,0.0001714611217300067498312542186
ff,1.8,27.0,1.2,1,0,175000000,0.0002020786871611959701007474813
ff,1.8,27.0,1.2,1,0,175000000,0.0002057705627792055198620034499
ss,1.8,27.0,1.2,1,1,147500000,0.0001356767287593310167245818855
fs,1.8,27.0,1.6,1,1,205000000,0.0002182823775203869903252418690
ff,1.8,27.0,1.6,0,1,260000000,0.0002397365888076548086297842554
ss,1.8,27.0,1.2,1,1,147500000,0.0001330219099711757206069848254
fs,1.8,27.0,1.2,1,1,155000000,0.0001798388643046423839404014900
ff,1.8,27.0,1.6,0,1,262500000,0.0002415455485563610909727256819
ss,1.8,27.0,1.7,0,0,110000000,0.0001370250406093597660058498538
fs,1.8,27.0,1.2,1,1,177500000,0.0001887394150440488987775305617
fs,1.8,27.0,1.6,1,1,177500000,0.0002137859525012624684382890428
ss,1.8,27.0,1.7,0,0,110000000,0.0001390324472650933726656833579
sf,1.8,27.0,1.6,0,1,187500000,0.0001550358819562260943476413090
tt,1.8,27.0,1.6,1,1,267500000,0.0002065683695768105797355066123
tt,1.8,27.0,1.6,1,1,255000000,0.0002050969206153096172595685108
sf,1.8,27.0,1.6,0,1,185000000,0.0001565361951738706532336691583
tt,1.8,27.0,1.2,1,0,135000000,0.0001565534895141121471963200920
tt,1.8,27.0,1.2,1,0,135000000,0.0001617229933564410889727756806
sf,1.8,27.0,1.3,0,0,122500000,0.0001319777685691107722306942326
sf,1.8,27.0,1.3,0,0,122500000,0.0001395697613928901777455563611
ff,1.8,27.0,1.2,1,1,320000000,0.0002456373381403714907127321817
ff,1.8,27.0,1.2,1,1,325000000,0.0002516071436314342141446463838
ss,1.8,27.0,1.3,0,0,100000000,0.0001244846301997700057498562536
ss,1.8,27.0,1.3,0,0,102500000,0.0001228057367335566610834729132
fs,1.8,27.0,1.7,0,0,147500000,0.0002010384465136871578210544736
ss,1.8,27.0,1.7,0,1,147500000,0.0001439225435761105972350691233
fs,1.8,27.0,1.3,0,0,130000000,0.0001742201448589285267868303292
ff,1.8,27.0,1.6,1,0,192500000,0.0002160880978548036299092522687
ff,1.8,27.0,1.6,1,0,195000000,0.0002174239154564385890352741181
fs,1.8,27.0,1.3,0,0,130000000,0.0001716159769016274593135171621
fs,1.8,27.0,1.7,0,0,147500000,0.0001944138682317442063948401290
ss,1.8,27.0,1.7,0,1,150000000,0.0001501862881534461638459038524
sf,1.8,27.0,1.6,1,0,147500000,0.0001418989768450038749031274218
tt,1.8,27.0,1.7,0,0,142500000,0.0001722836568328541786455338617
tt,1.8,27.0,1.7,0,0,140000000,0.0001809765807736306592335191620
sf,1.8,27.0,1.6,1,0,145000000,0.0001483783752430689232769180770
tt,1.8,27.0,1.2,1,1,235000000,0.0001882914149881252968675783105
tt,1.8,27.0,1.2,1,1,242500000,0.0001884493474287142821429464263
sf,1.8,27.0,1.3,0,1,182500000,0.0001547844376310142246443838904
sf,1.8,27.0,1.3,0,1,177500000,0.0001522028312872928176795580110
ss,1.8,27.0,1.3,0,1,140000000,0.0001389281156152346191345216370
ff,1.8,27.0,1.3,0,0,160000000,0.0001971522254651883702907427314
ss,1.8,27.0,1.3,0,1,142500000,0.0001357949169821254468638284043
ff,1.8,27.0,1.3,0,0,160000000,0.0002020754595415174028149296268
ss,1.8,27.0,1.7,1,0,112500000,0.0001356246495673858153546161346
fs,1.8,27.0,1.7,0,1,205000000,0.0002174656060333491662708432289
fs,1.8,27.0,1.3,0,1,180000000,0.0001954504894315392115197120072
ss,1.8,27.0,1.7,1,0,110000000,0.0001349954281866953326166845829
fs,1.8,27.0,1.3,0,1,182500000,0.0001939710055821854453638659034
fs,1.8,27.0,1.7,0,1,200000000,0.0002159997895760605984850378741
sf,1.8,27.0,1.6,1,1,255000000,0.0001776777028548286292842678933
ff,1.8,27.0,1.6,1,1,362500000,0.0002730635591707207319817004575
ff,1.8,27.0,1.6,1,1,352500000,0.0002703082478878278043048923777
tt,1.8,27.0,1.7,0,1,207500000,0.0001913819175102622434439139022
tt,1.8,27.0,1.7,0,1,207500000,0.0001843585734188645283867903302
sf,1.8,27.0,1.6,1,1,257500000,0.0001796289229985250368740781480
tt,1.8,27.0,1.3,0,0,130000000,0.0001560276765828854278643033924
sf,1.8,27.0,1.3,1,0,140000000,0.0001383270484038899027524311892
tt,1.8,27.0,1.3,0,0,130000000,0.0001593707095156621084472888178
sf,1.8,27.0,1.3,1,0,140000000,0.0001379896582829179270518237044
ss,1.8,27.0,1.3,1,0,100000000,0.0001225815830802879928001799955
ss,1.8,27.0,1.3,1,0,105000000,0.0001259291454709882252943676408
ss,1.8,27.0,1.7,1,1,155000000,0.0001489410787374565635859103522
ff,1.8,27.0,1.3,0,1,245000000,0.0002243798511907452313692157696
fs,1.8,27.0,1.7,1,0,122500000,0.0001957279079560010999725006875
ff,1.8,27.0,1.3,0,1,245000000,0.0002228982126630334241643958901
fs,1.8,27.0,1.3,1,0,125000000,0.0001721479097288067798305042374
ss,1.8,27.0,1.7,1,1,160000000,0.0001455957702375190620234494138
fs,1.8,27.0,1.3,1,0,120000000,0.0001763228798909777255568610785
fs,1.8,27.0,1.7,1,0,135000000,0.0002020270417093822654433639159
sf,1.8,27.0,1.7,0,0,127500000,0.0001389656305913852153696157596
tt,1.8,27.0,1.7,1,0,152500000,0.0001744514387706307342316442089
ff,1.8,27.0,1.7,0,0,172500000,0.0002108704744011649708757281068
ff,1.8,27.0,1.7,0,0,172500000,0.0002092569710654983625409364766
sf,1.8,27.0,1.7,0,0,127500000,0.0001438796516878078048048798780
tt,1.8,27.0,1.7,1,0,155000000,0.0001833992115322616934576635584
tt,1.8,27.0,1.3,0,1,190000000,0.0001811275510296742581435464113
sf,1.8,27.0,1.3,1,1,255000000,0.0001771376638978525536861578461
sf,1.8,27.0,1.3,1,1,250000000,0.0001731713914536636584085397865
tt,1.8,27.0,1.3,0,1,192500000,0.0001756297071624459388515287118
ss,1.8,27.0,1.3,1,1,160000000,0.0001387340031968950776230594235
ss,1.8,27.0,1.3,1,1,157500000,0.0001405810542231694207644808880
ss,1.8,27.0,1.8,0,0,112500000,0.0001358318497160320991975200620
fs,1.8,27.0,1.7,1,1,177500000,0.0002150038321428964275893102672
ff,1.8,27.0,1.3,1,0,182500000,0.0002054570903742906427339316517
ss,1.8,27.0,1.8,0,0,112500000,0.0001348089813147671308217294568
ff,1.8,27.0,1.3,1,0,182500000,0.0002017073381331716707082322942
fs,1.8,27.0,1.3,1,1,177500000,0.0001964609644358891027724306892
fs,1.8,27.0,1.3,1,1,177500000,0.0001962325029469513262168445789
sf,1.8,27.0,1.7,0,1,187500000,0.0001570645317262568435789105272
fs,1.8,27.0,1.7,1,1,200000000,0.0002190433936097097572560685983
tt,1.8,27.0,1.7,1,1,265000000,0.0002147358787903052423689407765
ff,1.8,27.0,1.7,0,1,260000000,0.0002434345243067173320666983325
sf,1.8,27.0,1.7,0,1,187500000,0.0001606092167838554036149096273
ff,1.8,27.0,1.7,0,1,267500000,0.0002425228762190945226369340766
tt,1.8,27.0,1.7,1,1,262500000,0.0002089236736179845503862403440
tt,1.8,27.0,1.3,1,0,142500000,0.0001642465617129071773205669858
sf,1.8,27.0,1.4,0,0,122500000,0.0001350371929801754956126096848
tt,1.8,27.0,1.3,1,0,142500000,0.0001640097623615909602259943501
sf,1.8,27.0,1.4,0,0,125000000,0.0001412990080278493037674058149
ss,1.8,27.0,1.4,0,0,105000000,0.0001232892480384440388990275243
ss,1.8,27.0,1.4,0,0,105000000,0.0001285206444928376790580235494
ss,1.8,27.0,1.8,0,1,155000000,0.0001466876252853928651783705407
ss,1.8,27.0,1.8,0,1,155000000,0.0001507556891998950026249343766
fs,1.8,27.0,1.8,0,0,147500000,0.0002007334408002799930001749956
fs,1.8,27.0,1.4,0,0,137500000,0.0001825813554320891977700557486
fs,1.8,27.0,1.4,0,0,135000000,0.0001824036040449988750281242969
fs,1.8,27.0,1.8,0,0,150000000,0.0001982887380342241443963900902
sf,1.8,27.0,1.7,1,0,147500000,0.0001469319897216569585760355991
ff,1.8,27.0,1.3,1,1,347500000,0.0002610377866030599235019124522
ff,1.8,27.0,1.3,1,1,352500000,0.0002663094341381715457113572161
tt,1.8,27.0,1.8,0,0,142500000,0.0001752749696762580935476613085
ff,1.8,27.0,1.7,1,0,195000000,0.0002255324148555536111597210070
sf,1.8,27.0,1.7,1,0,147500000,0.0001431875306093597660058498538
tt,1.8,27.0,1.8,0,0,142500000,0.0001774812148362790930226744331
ff,1.8,27.0,1.7,1,0,195000000,0.0002171395964824629384265393365
sf,1.8,27.0,1.4,0,1,182500000,0.0001575385296387340316492087698
tt,1.8,27.0,1.3,1,1,250000000,0.0001915507874652883677908052299
sf,1.8,27.0,1.4,0,1,182500000,0.0001584764077515312117197070073
tt,1.8,27.0,1.3,1,1,250000000,0.0001948260942254193645158871028
ss,1.8,27.0,1.4,0,1,145000000,0.0001444274192712432189195270118
ss,1.8,27.0,1.4,0,1,142500000,0.0001388613385122371940701482463
ss,1.8,27.0,1.8,1,0,112500000,0.0001345316472119947001324966876
ss,1.8,27.0,1.8,1,0,105000000,0.0001362344142413689657758556036
fs,1.8,27.0,1.8,0,1,202500000,0.0002247671137761555961100972476
fs,1.8,27.0,1.4,0,1,172500000,0.0002016708360910227244318892028
fs,1.8,27.0,1.8,0,1,195000000,0.0002196293055623859403514912127
fs,1.8,27.0,1.4,0,1,185000000,0.0002026841347926551836204094898
sf,1.8,27.0,1.7,1,1,260000000,0.0001824463224233894152646183845
ff,1.8,27.0,1.4,0,0,165000000,0.0002013680651068973275668108297
tt,1.8,27.0,1.8,0,1,212500000,0.0001932148898976275593110172246
ff,1.8,27.0,1.4,0,0,165000000,0.0001984833549398015049623759406
sf,1.8,27.0,1.7,1,1,262500000,0.0001786110042632184195395115122
tt,1.8,27.0,1.8,0,1,207500000,0.0001967965734211644708882277943
ff,1.8,27.0,1.7,1,1,362500000,0.0002725587678201794955126121847
sf,1.8,27.0,1.4,1,0,142500000,0.0001446766698558786030349241269
tt,1.8,27.0,1.4,0,0,135000000,0.0001657606496503337416564585885
sf,1.8,27.0,1.4,1,0,142500000,0.0001393586839494762630934226644
ff,1.8,27.0,1.7,1,1,362500000,0.0002768930282006949826254343641
tt,1.8,27.0,1.4,0,0,135000000,0.0001648740295294367640808979776
ss,1.8,27.0,1.4,1,0,102500000,0.0001299513366843078923026924327
ss,1.8,27.0,1.4,1,0,102500000,0.0001305910824974125646858828529
ss,1.8,27.0,1.8,1,1,160000000,0.0001493219127424564385890352741
ss,1.8,27.0,1.8,1,1,160000000,0.0001488549662911677208069798255
fs,1.8,27.0,1.8,1,0,130000000,0.0001952715988208794780130496738
fs,1.8,27.0,1.4,1,0,120000000,0.0001802592672196195095122621934
fs,1.8,27.0,1.8,1,0,137500000,0.0002042668515429114272143196420
fs,1.8,27.0,1.4,1,0,130000000,0.0001852659054292142696432589185
sf,1.8,27.0,1.8,0,0,130000000,0.0001401852722762680932976675583
tt,1.8,27.0,1.8,1,0,155000000,0.0001790140274690632734181645459
ff,1.8,27.0,1.4,0,1,252500000,0.0002325739231477713057173570661
sf,1.8,27.0,1.8,0,0,130000000,0.0001396299027125821854453638659
ff,1.8,27.0,1.4,0,1,252500000,0.0002332496385620609484762880928
tt,1.8,27.0,1.8,1,0,157500000,0.0001764168435995100122496937577
ff,1.8,27.0,1.8,0,0,175000000,0.0002136520931307217319567010825
sf,1.8,27.0,1.4,1,1,255000000,0.0001743880452764430889227769306
tt,1.8,27.0,1.4,0,1,197500000,0.0001842783185840603984900377491
sf,1.8,27.0,1.4,1,1,255000000,0.0001801068701469963250918727032
ss,1.8,27.0,1.4,1,1,152500000,0.0001391556854739881502962425939
tt,1.8,27.0,1.4,0,1,200000000,0.0001834602705520361990950226244
ff,1.8,27.0,1.8,0,0,175000000,0.0002078701657102322441938951526
ss,1.8,27.0,1.4,1,1,137500000,0.0001387827840774230644233894153
sf,1.8,27.0,1.1,0,0,112500000,0.0001282362790173495662608434789
sf,1.8,27.0,1.1,0,0,110000000,0.0001274859940448238794030149246
fs,1.8,27.0,1.8,1,1,215000000,0.0002247325726210344741381465463
fs,1.8,27.0,1.4,1,1,182500000,0.0002091973298736531586710332242
fs,1.8,27.0,1.8,1,1,195000000,0.0002216604727805804854878628034
fs,1.8,27.0,1.4,1,1,180000000,0.0002020675146784080397990050249
sf,1.8,27.0,1.8,0,1,187500000,0.0001614152012597935051623709407
ff,1.8,27.0,1.4,1,0,187500000,0.0002172968010663733406664833379
tt,1.8,27.0,1.8,1,1,247500000,0.0002048109832798180045498862528
sf,1.8,27.0,1.8,0,1,187500000,0.0001637269630573735656608584785
tt,1.8,27.0,1.8,1,1,270000000,0.0002153518631314717132071698208
ff,1.8,27.0,1.4,1,0,187500000,0.0002115388195480112997175070623
sf,1.8,27.0,1.5,0,0,125000000,0.0001362198561840703982400439989
tt,1.8,27.0,1.4,1,0,147500000,0.0001663951863034174145646358841
sf,1.8,27.0,1.5,0,0,125000000,0.0001409842144829379265518362041
ss,1.8,27.0,1.5,0,0,107500000,0.0001319372708698782530436739082
ss,1.8,27.0,1.5,0,0,107500000,0.0001299484024289717757056073598
tt,1.8,27.0,1.4,1,0,150000000,0.0001723526379649008774780630484
ff,1.8,27.0,1.8,0,1,265000000,0.0002486851394616134596635084123
ff,1.8,27.0,1.8,0,1,265000000,0.0002400524728862278443038924027
sf,1.8,27.0,1.1,0,1,162500000,0.0001471982735816604584885377866
sf,1.8,27.0,1.1,0,1,162500000,0.0001396060902254693632659183520
ff,1.8,27.0,1.1,0,0,140000000,0.0001796152596190595235119122022
fs,1.8,27.0,1.5,0,0,140000000,0.0001866773566012599685007874803
fs,1.8,27.0,1.5,0,0,140000000,0.0001898349335521861953451163721
sf,1.8,27.0,1.8,1,0,147500000,0.0001503239517738306542336441589
ss,1.8,27.0,1.1,0,0,85000000.0,0.0001100741323784930376740581485
ff,1.8,27.0,1.1,0,0,140000000,0.0001853208027880302992425189370
sf,1.8,27.0,1.8,1,0,147500000,0.0001486432500234994125146871328
ss,1.8,27.0,1.1,0,0,85000000.0,0.0001111939258114872128196795080
ff,1.8,27.0,1.4,1,1,350000000,0.0002673376333487662808429789255
sf,1.8,27.0,1.5,0,1,185000000,0.0001586547407446813829654258644
ss,1.8,27.0,1.5,0,1,142500000,0.0001434780473381415464613384665
ss,1.8,27.0,1.5,0,1,145000000,0.0001410092092923676908077298068
sf,1.8,27.0,1.5,0,1,182500000,0.0001572918578284542886427839304
tt,1.8,27.0,1.4,1,1,247500000,0.0001992194522933426664333391665
ff,1.8,27.0,1.4,1,1,355000000,0.0002649354634081147971300717482
tt,1.8,27.0,1.4,1,1,255000000,0.0001991775648132546686332841679
ff,1.8,27.0,1.8,1,0,197500000,0.0002237097396851078723031924202
ff,1.8,27.0,1.8,1,0,197500000,0.0002200056810444488887777805555
sf,1.8,27.0,1.1,1,0,130000000,0.0001331115350371740706482337942
sf,1.8,27.0,1.1,1,0,127500000,0.0001307383818647533811654708632
fs,1.8,27.0,1.5,0,1,200000000,0.0002076929267974050648733781655
fs,1.8,27.0,1.5,0,1,192500000,0.0002091048394431639209019774506
ff,1.8,27.0,1.1,0,1,220000000,0.0002068977299898502537436564086
ss,1.8,27.0,1.1,0,1,120000000,0.0001236341054111897202569935752
sf,1.8,27.0,1.8,1,1,260000000,0.0001795876663638409039774005650
ss,1.8,27.0,1.1,0,1,122500000,0.0001223412744770630734231644209
sf,1.8,27.0,1.8,1,1,262500000,0.0001823299222878678033049173771
ff,1.8,27.0,1.1,0,1,217500000,0.0002056216432753181170470738232
ss,1.8,27.0,1.5,1,0,105000000,0.0001299905068987775305617359566
ss,1.8,27.0,1.5,1,0,105000000,0.0001299826139119772005699857504
sf,1.8,27.0,1.5,1,0,145000000,0.0001440274964560885977850553736
ff,1.8,27.0,1.5,0,0,167500000,0.0002046810242666933326666833329
tt,1.8,27.0,1.5,0,0,137500000,0.0001666563991415464613384665383
sf,1.8,27.0,1.5,1,0,145000000,0.0001432637435196870078248043799
tt,1.8,27.0,1.5,0,0,137500000,0.0001666430295781105472363190920
ff,1.8,27.0,1.5,0,0,170000000,0.0002082004682281442963925901852
sf,1.8,27.0,1.1,1,1,227500000,0.0001691368347823304417389565261
ff,1.8,27.0,1.8,1,1,367500000,0.0002770004948391290217744556386
ff,1.8,27.0,1.8,1,1,362500000,0.0002772265249620509487262818430
sf,1.8,27.0,1.1,1,1,235000000,0.0001595359226403089922751931202
fs,1.8,27.0,1.5,1,0,127500000,0.0001919644301478713032174195645
fs,1.8,27.0,1.5,1,0,117500000,0.0001913900173215669608259793505
ss,1.8,27.0,1.1,1,0,87500000.0,0.0001094920517365240868978275543
ff,1.8,27.0,1.1,1,0,160000000,0.0001915216778226544336391590210
fs,1.8,27.0,1.1,0,0,102500000,0.0001437295862927176820579485513
ss,1.8,27.0,1.1,1,0,87500000.0,0.0001122012966701682457938551536
fs,1.8,27.0,1.1,0,0,102500000,0.0001437125544584885377865553361
ff,1.8,27.0,1.1,1,0,157500000,0.0001949965255296117597060073498
ss,1.8,27.0,1.5,1,1,160000000,0.0001434973642179445513862153446
ss,1.8,27.0,1.5,1,1,160000000,0.0001477546162982175445613859654
sf,1.8,27.0,1.5,1,1,257500000,0.0001795182937527311817204569886
tt,1.8,27.0,1.5,0,1,200000000,0.0001856929798772280692982675433
sf,1.8,27.0,1.5,1,1,260000000,0.0001769349491284717882052948676
ff,1.8,27.0,1.5,0,1,257500000,0.0002369789524617384565385865353
tt,1.8,27.0,1.5,0,1,202500000,0.0001896628921452463688407789805
ff,1.8,27.0,1.5,0,1,257500000,0.0002440230547129321766955826104
sf,1.8,27.0,1.2,0,0,117500000,0.0001306665287332816679583010425
tt,1.8,27.0,1.1,0,0,110000000,0.0001426665115490612734681632959
tt,1.8,27.0,1.1,0,0,112500000,0.0001453557907919802004949876253
sf,1.8,27.0,1.2,0,0,117500000,0.0001363593232672683182920426989
ss,1.8,27.0,1.1,1,1,145000000,0.0001277019318850003749906252344
fs,1.8,27.0,1.5,1,1,175000000,0.0002150071827416814579635509112
fs,1.8,27.0,1.5,1,1,202500000,0.0002151613653537911552211194720
ss,1.8,27.0,1.1,1,1,135000000,0.0001230691706593585160370990725
fs,1.8,27.0,1.1,0,1,152500000,0.0001636887247436064098397540061
fs,1.8,27.0,1.1,0,1,155000000,0.0001634749023243918902027449314
ff,1.8,27.0,1.1,1,1,310000000,0.0002414347246386840328991775206
ss,1.8,27.0,1.6,0,0,110000000,0.0001324422925616609584760380990
ss,1.8,27.0,1.6,0,0,110000000,0.0001299298612762680932976675583
ff,1.8,27.0,1.1,1,1,307500000,0.0002377506096675583110422239444
sf,1.8,27.0,1.6,0,0,127500000,0.0001420911093849903752406189845
sf,1.8,27.0,1.6,0,0,127500000,0.0001337723868592035199120021999
tt,1.8,27.0,1.5,1,0,150000000,0.0001705415700222244443888902777
tt,1.8,27.0,1.5,1,0,147500000,0.0001698510475005124871878203045
ff,1.8,27.0,1.5,1,0,192500000,0.0002187731569562260943476413090
sf,1.8,27.0,1.2,0,1,172500000,0.0001542529728174045648858778531
ff,1.8,27.0,1.5,1,0,192500000,0.0002073170432761180970475738107
tt,1.8,27.0,1.1,0,1,167500000,0.0001582397144141146471338216545
tt,1.8,27.0,1.1,0,1,167500000,0.0001592581102486187845303867403
sf,1.8,27.0,1.2,0,1,175000000,0.0001515998400594235144121396965
ss,1.8,27.0,1.2,0,0,95000000.0,0.0001190281393030849228769280768
fs,1.8,27.0,1.6,0,0,145000000,0.0001947336614969125771855703607
ss,1.8,27.0,1.2,0,0,95000000.0,0.0001186661157893602659933501662
fs,1.8,27.0,1.6,0,0,145000000,0.0001895762469011274718132046699
fs,1.8,27.0,1.1,1,0,102500000,0.0001570790212039949001274968126
fs,1.8,27.0,1.1,1,0,102500000,0.0001455794450798480037999050024
ss,1.8,27.0,1.6,0,1,147500000,0.0001463367292945676358091047724
ff,1.8,27.0,1.2,0,0,152500000,0.0001885925353610409739756506087
ss,1.8,27.0,1.6,0,1,147500000,0.0001431372113930151746206344841
sf,1.8,27.0,1.6,0,1,187500000,0.0001570498248671033224169395765
ff,1.8,27.0,1.2,0,0,152500000,0.0001835881156489087772805679858
sf,1.8,27.0,1.6,0,1,187500000,0.0001567657515510362240943976401
tt,1.8,27.0,1.5,1,1,250000000,0.0001996240594713132171695707607
tt,1.8,27.0,1.5,1,1,260000000,0.0002071968705648358791030224244
sf,1.8,27.0,1.2,1,0,132500000,0.0001408801627488562785930351741
ff,1.8,27.0,1.5,1,1,347500000,0.0002645334020704232394190145246
tt,1.8,27.0,1.1,1,0,122500000,0.0001496227758362290942726431839
tt,1.8,27.0,1.1,1,0,125000000,0.0001466099015682607934801629959
sf,1.8,27.0,1.2,1,0,137500000,0.0001358112426988075298117547061
ff,1.8,27.0,1.5,1,1,350000000,0.0002664316248098297542561435964
ss,1.8,27.0,1.2,0,1,135000000,0.0001278160295539211519712007200
ss,1.8,27.0,1.2,0,1,135000000,0.0001294492803199170020749481263
fs,1.8,27.0,1.6,0,1,192500000,0.0002124282951457963550911227219
fs,1.8,27.0,1.6,0,1,200000000,0.0002152141364641383965400864978
fs,1.8,27.0,1.1,1,1,147500000,0.0001639619466282342941426464338
fs,1.8,27.0,1.1,1,1,150000000,0.0001659089292321941951451213720
ss,1.8,27.0,1.6,1,0,105000000,0.0001319612367246568835779105522
ss,1.8,27.0,1.6,1,0,110000000,0.0001278648909246543836404089898
ff,1.8,27.0,1.2,0,1,235000000,0.0002201158731999200019999500012
sf,1.8,27.0,1.6,1,0,145000000,0.0001496495027480312992175195620
sf,1.8,27.0,1.6,1,0,145000000,0.0001460676361000474988125296868
tt,1.8,27.0,1.6,0,0,140000000,0.0001727342105045623859403514912
ff,1.8,27.0,1.2,0,1,235000000,0.0002205938365150871228219294518
tt,1.8,27.0,1.6,0,0,140000000,0.0001715389131644708882277943051
ff,1.8,27.0,1.6,0,0,170000000,0.0002109713181968450788730281743
sf,1.8,27.0,1.2,1,1,247500000,0.0001701411108337041573960650984
tt,1.8,27.0,1.1,1,1,225000000,0.0001784221134923376915577110572
tt,1.8,27.0,1.1,1,1,225000000,0.0001838461521272968175795605110
sf,1.8,27.0,1.2,1,1,247500000,0.0001686072577882052948676283093
ss,1.8,27.0,1.2,1,0,97500000.0,0.0001159774588164695882602934927
ff,1.8,27.0,1.6,0,0,172500000,0.0002062170563379665508362290943
ss,1.8,27.0,1.2,1,0,100000000,0.0001220883020470488237794055149
fs,1.8,27.0,1.6,1,0,132500000,0.0001924286427121571960700982475
fs,1.8,27.0,1.6,1,0,130000000,0.0001947304121934201644958876028
fs,1.8,27.0,1.2,0,0,120000000,0.0001672752473595160120996975076
fs,1.8,27.0,1.2,0,0,120000000,0.0001625367184460388490287742806
ss,1.8,27.0,1.6,1,1,165000000,0.0001481618478063298417539561511
ss,1.8,27.0,1.6,1,1,157500000,0.0001429566665074623134421639459
ff,1.8,27.0,1.2,1,0,175000000,0.0001983704191219969500762480938
sf,1.8,27.0,1.6,1,1,255000000,0.0001776949537772305692357691058
sf,1.8,27.0,1.6,1,1,260000000,0.0001811458389236519087022824429
tt,1.8,27.0,1.6,0,1,205000000,0.0001882936856906077348066298343
tt,1.8,27.0,1.6,0,1,205000000,0.0001878529063375665608359791005
ff,1.8,27.0,1.2,1,0,175000000,0.0001988354558665033374165645859
sf,1.8,27.0,1.3,0,0,120000000,0.0001377232829459513512162195945
tt,1.8,27.0,1.2,0,0,122500000,0.0001535216266429839254018649534
tt,1.8,27.0,1.2,0,0,122500000,0.0001555287652743431414214644634
sf,1.8,27.0,1.3,0,0,122500000,0.0001361173524444888877778055549
ss,1.8,27.0,1.2,1,1,145000000,0.0001349446182181945451363715907
ff,1.8,27.0,1.6,0,1,260000000,0.0002423703719203019924501887453
ss,1.8,27.0,1.2,1,1,137500000,0.0001315938813765155871103222419
ff,1.8,27.0,1.6,0,1,260000000,0.0002371796772571685707857303567
fs,1.8,27.0,1.6,1,1,162500000,0.0002071155603382915427114322142
fs,1.8,27.0,1.6,1,1,182500000,0.0002155689191171470713232169196
fs,1.8,27.0,1.2,0,1,165000000,0.0001806099855521611959701007475
fs,1.8,27.0,1.2,0,1,167500000,0.0001813199371621959451013724657
ss,1.8,27.0,1.7,0,0,112500000,0.0001307365623844153896152596185
ss,1.8,27.0,1.7,0,0,110000000,0.0001322407969469013274668133297
sf,1.8,27.0,1.7,0,0,127500000,0.0001427925714179145521361965951
sf,1.8,27.0,1.7,0,0,130000000,0.0001414653197337066573335666608
tt,1.8,27.0,1.6,1,0,152500000,0.0001728409551827454313642158946
ff,1.8,27.0,1.2,1,1,330000000,0.0002500238092205194870128246794
tt,1.8,27.0,1.6,1,0,150000000,0.0001719396105041873953151171221
sf,1.8,27.0,1.3,0,1,180000000,0.0001557459408167795805104872378
tt,1.8,27.0,1.2,0,1,185000000,0.0001737137445745106372340691483
ss,1.8,27.0,1.3,0,0,100000000,0.0001232884711974150646233844154
tt,1.8,27.0,1.2,0,1,182500000,0.0001724921028188295292617684558
ff,1.8,27.0,1.2,1,1,332500000,0.0002483426638824279393015174621
sf,1.8,27.0,1.3,0,1,180000000,0.0001549330748045048873778155546
ff,1.8,27.0,1.6,1,0,192500000,0.0002193872092438439039024024399
ss,1.8,27.0,1.3,0,0,102500000,0.0001239761288255043623909402265
ff,1.8,27.0,1.6,1,0,195000000,0.0002147205273699157521061973451
fs,1.8,27.0,1.2,1,0,115000000,0.0001605930160499487512812179696
fs,1.8,27.0,1.7,0,0,147500000,0.0001944724643619909502262443439
fs,1.8,27.0,1.7,0,0,147500000,0.0001944833679754256143596410090
fs,1.8,27.0,1.2,1,0,110000000,0.0001619407704153896152596185095
ss,1.8,27.0,1.7,0,1,147500000,0.0001462004055895852603684907877
ss,1.8,27.0,1.7,0,1,145000000,0.0001438125350747981300467488313
sf,1.8,27.0,1.7,0,1,185000000,0.0001618049472899677508062298443
sf,1.8,27.0,1.7,0,1,187500000,0.0001610519775937101572460688483
tt,1.8,27.0,1.6,1,1,262500000,0.0002076824662052198695032624184
tt,1.8,27.0,1.6,1,1,260000000,0.0002085593440149746256343591410
ff,1.8,27.0,1.3,0,0,160000000,0.0001988464370526986825329366766
sf,1.8,27.0,1.3,1,0,140000000,0.0001399650809879503012424689383
ss,1.8,27.0,1.3,0,1,137500000,0.0001336005341917202069948251294
tt,1.8,27.0,1.2,1,0,135000000,0.0001534339540957226069348266293
sf,1.8,27.0,1.3,1,0,137500000,0.0001388328616388590285242868928
tt,1.8,27.0,1.2,1,0,137500000,0.0001601501811074723131921701957
ff,1.8,27.0,1.3,0,0,160000000,0.0001998022408129046773830654234
ss,1.8,27.0,1.3,0,1,137500000,0.0001365499412975675608109797255
ff,1.8,27.0,1.6,1,1,357500000,0.0002679508916336091597710057249
fs,1.8,27.0,1.7,0,1,200000000,0.0002186624810168245793855153621
fs,1.8,27.0,1.2,1,1,167500000,0.0001852933158481037974050648734
fs,1.8,27.0,1.7,0,1,197500000,0.0002117654729164270893227669308
ss,1.8,27.0,1.7,1,0,105000000,0.0001307491004403389915252118697
fs,1.8,27.0,1.2,1,1,162500000,0.0001783172251132721681957951051
ff,1.8,27.0,1.6,1,1,365000000,0.0002767753517122321941951451214
ss,1.8,27.0,1.7,1,0,112500000,0.0001355698516330091747706307342
sf,1.8,27.0,1.7,1,0,147500000,0.0001456010606120096997575060623
sf,1.8,27.0,1.7,1,0,145000000,0.0001471271900645983850403739907
tt,1.8,27.0,1.7,0,0,142500000,0.0001699862550665733356666083348
tt,1.8,27.0,1.7,0,0,142500000,0.0001663857077916302092447688808
ss,1.8,27.0,1.3,1,0,100000000,0.0001259243524831879203019924502
sf,1.8,27.0,1.3,1,1,252500000,0.0001747655654885377865553361166
ff,1.8,27.0,1.3,0,1,245000000,0.0002293931097811554711132221694
sf,1.8,27.0,1.3,1,1,252500000,0.0001763498917743056423589410265
tt,1.8,27.0,1.2,1,1,235000000,0.0001823388098559036024099397515
tt,1.8,27.0,1.2,1,1,245000000,0.0001890440143801654958626034349
ss,1.8,27.0,1.3,1,0,100000000,0.0001211852952080897977550561236
ff,1.8,27.0,1.3,0,1,245000000,0.0002260859199070273243168920777
fs,1.8,27.0,1.7,1,0,125000000,0.0001909913121901952451188720282
ff,1.8,27.0,1.7,0,0,175000000,0.0002089712177240318992025199370
fs,1.8,27.0,1.3,0,0,130000000,0.0001719419835694357641058973526
fs,1.8,27.0,1.7,1,0,132500000,0.0001961677275166870828229294268
ss,1.8,27.0,1.7,1,1,162500000,0.0001484559195726856828579285518
fs,1.8,27.0,1.3,0,0,130000000,0.0001749432422345691357716057099
ss,1.8,27.0,1.7,1,1,165000000,0.0001463562872506437339066523337
ff,1.8,27.0,1.7,0,0,172500000,0.0002086125375352116197095072623
sf,1.8,27.0,1.7,1,1,262500000,0.0001811860626826079348016299593
sf,1.8,27.0,1.7,1,1,262500000,0.0001797115633705907352316192095
ss,1.8,27.0,1.3,1,1,160000000,0.0001424441305847353816154596135
tt,1.8,27.0,1.7,0,1,210000000,0.0001957851648658783530411739707
tt,1.8,27.0,1.7,0,1,207500000,0.0001974882728701782455438614035
sf,1.8,27.0,1.4,0,0,125000000,0.0001363890630421489462763430914
sf,1.8,27.0,1.4,0,0,122500000,0.0001348401005133121671958201045
tt,1.8,27.0,1.3,0,0,130000000,0.0001668186337390815229619259519
ss,1.8,27.0,1.3,1,1,155000000,0.0001405635274993875153121171971
tt,1.8,27.0,1.3,0,0,130000000,0.0001642077666201344966375840604
ff,1.8,27.0,1.3,1,0,182500000,0.0002081286476050348741281467963
ss,1.8,27.0,1.8,0,0,112500000,0.0001393704960462238444038899028
ff,1.8,27.0,1.3,1,0,182500000,0.0002086126456235844103897402565
fs,1.8,27.0,1.7,1,1,172500000,0.0002143470873931901702457438564
fs,1.8,27.0,1.3,0,1,182500000,0.0001926616068588535286617834554
fs,1.8,27.0,1.7,1,1,137500000,0.0001997753274759631009224769381
ss,1.8,27.0,1.8,0,0,112500000,0.0001336961432539186520336991575
ff,1.8,27.0,1.7,0,1,265000000,0.0002421531646389340266493337667
fs,1.8,27.0,1.3,0,1,180000000,0.0001888463336829329266768330792
ff,1.8,27.0,1.7,0,1,262500000,0.0002352117987325816854578635534
sf,1.8,27.0,1.8,0,0,130000000,0.0001436155942505187370315742106
sf,1.8,27.0,1.8,0,0,130000000,0.0001438042602523436914077148071
ss,1.8,27.0,1.4,0,0,105000000,0.0001287959117123821904452388690
tt,1.8,27.0,1.7,1,0,152500000,0.0001730592062320941976450588735
tt,1.8,27.0,1.7,1,0,155000000,0.0001741865774905377365565860853
sf,1.8,27.0,1.4,0,1,180000000,0.0001529283320668733281667958301
ss,1.8,27.0,1.4,0,0,105000000,0.0001318307338034799130021749456
sf,1.8,27.0,1.4,0,1,182500000,0.0001550407299976000599985000375
tt,1.8,27.0,1.3,0,1,195000000,0.0001778173352842178945526361841
tt,1.8,27.0,1.3,0,1,195000000,0.0001767985127169320766980825479
ff,1.8,27.0,1.3,1,1,342500000,0.0002549074885492862678433039174
ss,1.8,27.0,1.8,0,1,155000000,0.0001487397805484612884677883053
fs,1.8,27.0,1.8,0,0,150000000,0.0001977441359642758931026724332
ss,1.8,27.0,1.8,0,1,152500000,0.0001473460434551636209094772631
fs,1.8,27.0,1.8,0,0,147500000,0.0002044047566144346391340216495
fs,1.8,27.0,1.3,1,0,127500000,0.0001756671023883152921176970576
ff,1.8,27.0,1.3,1,1,350000000,0.0002637507759505512362190945226
fs,1.8,27.0,1.3,1,0,120000000,0.0001733473144265393365165870853
ff,1.8,27.0,1.7,1,0,197500000,0.0002247305467423814404639884003
ff,1.8,27.0,1.7,1,0,195000000,0.0002196844003918902027449313767
sf,1.8,27.0,1.8,0,1,187500000,0.0001564401976088847778805529862
ss,1.8,27.0,1.4,0,1,145000000,0.0001433811605491112722181945451
tt,1.8,27.0,1.7,1,1,262500000,0.0002121837789056773580660483488
sf,1.8,27.0,1.4,1,0,142500000,0.0001441652002515437114072148196
ss,1.8,27.0,1.4,0,1,147500000,0.0001399324717734306642333941651
sf,1.8,27.0,1.4,1,0,142500000,0.0001459805813844153896152596185
tt,1.8,27.0,1.7,1,1,245000000,0.0002001648938192295192620184495
tt,1.8,27.0,1.3,1,0,140000000,0.0001680798421020974475638109047
tt,1.8,27.0,1.3,1,0,140000000,0.0001656819228873528161795955101
ss,1.8,27.0,1.8,1,0,107500000,0.0001288803146917602059948501287
ss,1.8,27.0,1.8,1,0,107500000,0.0001365878362039449013774655634
ff,1.8,27.0,1.4,0,0,165000000,0.0002028155470995725106872328192
fs,1.8,27.0,1.8,0,1,202500000,0.0002166529273844903877403064923
fs,1.8,27.0,1.8,0,1,190000000,0.0002186182740534986625334366641
fs,1.8,27.0,1.3,1,1,182500000,0.0001995821614411889702757431064
fs,1.8,27.0,1.3,1,1,190000000,0.0001981131689410764730881727957
ff,1.8,27.0,1.4,0,0,165000000,0.0002010275550266493337666558336
ff,1.8,27.0,1.7,1,1,367500000,0.0002734098083384915377115572111
sf,1.8,27.0,1.8,1,0,147500000,0.0001477157104801629959251018725
ss,1.8,27.0,1.4,1,0,107500000,0.0001294547363736906577335566611
ff,1.8,27.0,1.7,1,1,360000000,0.0002674655000495237619059523512
ss,1.8,27.0,1.4,1,0,105000000,0.0001286030538868278293042673933
tt,1.8,27.0,1.8,0,0,142500000,0.0001724621105974850628734281643
tt,1.8,27.0,1.8,0,0,142500000,0.0001766327183207169820754481138
sf,1.8,27.0,1.4,1,1,257500000,0.0001756536938962775930601734957
sf,1.8,27.0,1.4,1,1,260000000,0.0001765971613497412564685882853
tt,1.8,27.0,1.3,1,1,250000000,0.0001954410478197545061373465663
tt,1.8,27.0,1.3,1,1,250000000,0.0001939467956262093447663808405
ss,1.8,27.0,1.8,1,1,167500000,0.0001521916622183445413864653384
ss,1.8,27.0,1.8,1,1,167500000,0.0001525634940254743631409214770
fs,1.8,27.0,1.8,1,0,137500000,0.0001972668636043098922526936827
fs,1.8,27.0,1.8,1,0,130000000,0.0001974758178432289192770180745
ff,1.8,27.0,1.4,0,1,252500000,0.0002304032047340566485837854054
fs,1.8,27.0,1.4,0,0,135000000,0.0001789173063711157221069473263
fs,1.8,27.0,1.4,0,0,135000000,0.0001807281195801604959876003100
ff,1.8,27.0,1.4,0,1,255000000,0.0002273580158461788455288617785
ff,1.8,27.0,1.8,0,0,175000000,0.0002156561272200194995125121872
ss,1.8,27.0,1.4,1,1,150000000,0.0001396222466915327116822079448
sf,1.8,27.0,1.8,1,1,257500000,0.0001802000196782080447988800280
ff,1.8,27.0,1.8,0,0,175000000,0.0002141580973540911477213069673
ss,1.8,27.0,1.4,1,1,157500000,0.0001427081203591910202244943876
tt,1.8,27.0,1.8,0,1,207500000,0.0001877477258890777730556736082
tt,1.8,27.0,1.8,0,1,212500000,0.0001999965422689932751681207970
tt,1.8,27.0,1.4,0,0,132500000,0.0001689149380345491362715932102
tt,1.8,27.0,1.4,0,0,132500000,0.0001646361900489487762805929852
sf,1.8,27.0,1.8,0,1,192500000,0.0001642112452571935701607459814
fs,1.8,27.0,1.8,1,1,195000000,0.0002279826895665358366040848979
fs,1.8,27.0,1.8,1,1,182500000,0.0002182504753391415214619634509
ff,1.8,27.0,1.4,1,0,187500000,0.0002099107017963550911227219320
fs,1.8,27.0,1.4,0,1,180000000,0.0001981670329831004224894377641
fs,1.8,27.0,1.4,0,1,190000000,0.0002035952981563710907227319317
ff,1.8,27.0,1.4,1,0,185000000,0.0002112049182114947126321841954
ff,1.8,27.0,1.8,0,1,265000000,0.0002431073359328516787080322992
ff,1.8,27.0,1.8,0,1,267500000,0.0002438135078050548736281592960
tt,1.8,27.0,1.8,1,0,155000000,0.0001746827807549561260968475788
tt,1.8,27.0,1.8,1,0,155000000,0.0001782288642354191145221369466
sf,1.8,27.0,1.8,1,0,147500000,0.0001487418487278318042048948776
tt,1.8,27.0,1.4,0,1,195000000,0.0001848246393075923101922451939
tt,1.8,27.0,1.4,0,1,195000000,0.0001824974539481262968425789355
fs,1.8,27.0,1.4,1,0,122500000,0.0001802202486099847503812404690
fs,1.8,27.0,1.4,1,0,127500000,0.0001815408856193095172620684483
ff,1.8,27.0,1.4,1,1,350000000,0.0002691458655613859653508662283
ff,1.8,27.0,1.4,1,1,350000000,0.0002650892903398415039624009400
ff,1.8,27.0,1.8,1,0,197500000,0.0002155356378572035699107522312
tt,1.8,27.0,1.8,1,1,267500000,0.0002092368517312567185820354491
tt,1.8,27.0,1.8,1,1,262500000,0.0002154269942510937226569335767
ff,1.8,27.0,1.8,1,0,197500000,0.0002164362089519512012199695008
tt,1.8,27.0,1.4,1,0,147500000,0.0001700399807177320566985825354
sf,1.8,27.0,1.8,1,1,257500000,0.0001799159311577710557236069098
tt,1.8,27.0,1.4,1,0,147500000,0.0001649604461346716332091697708
fs,1.8,27.0,1.4,1,1,200000000,0.0002081627388301292467688307792
fs,1.8,27.0,1.4,1,1,195000000,0.0002060586504099897502562435939
ff,1.8,27.0,1.8,1,1,357500000,0.0002757383394210894727631809205
ff,1.8,27.0,1.8,1,1,360000000,0.0002759326780945976350591235219
tt,1.8,27.0,1.4,1,1,255000000,0.0002011496605561610959726006850
tt,1.8,27.0,1.4,1,1,252500000,0.0002031626505584110397240068998
